{"cameraMode":{"drawMode":0,"name":"Shaded","section":"Shading Mode"},"sceneLighting":true,"audioPlay":false,"sceneViewState":{"m_AlwaysRefresh":false,"showFog":true,"showSkybox":true,"showFlares":true,"showImageEffects":true,"showParticleSystems":true,"showVisualEffectGraphs":true,"m_FxEnabled":true},"in2DMode":false,"pivot":{"x":53.119815826416019,"y":20.600265502929689,"z":30.33541488647461},"rotation":{"x":-0.18002420663833619,"y":0.15450002253055573,"z":-0.028633039444684984,"w":-0.9710437059402466},"size":22.163705825805665,"orthographic":false}